ID,Case Number,Date,Block,IUCR,Primary Type,Description,Location Description,Arrest,Domestic,Beat,District,Ward,Community Area,FBI Code,X Coordinate,Y Coordinate,Year,Updated On,Latitude,Longitude,Location
10224738,HY411648,9/5/2015 13:30,043XX S WOOD ST,486,BATTERY,DOMESTIC BATTERY SIMPLE,RESIDENCE,FALSE,TRUE,924,9,12,61,08B,1165074,1875917,2015,2/10/2018 15:50,41.81511728,-87.66999956,"(41.815117282, -87.669999562)"
10224739,HY411615,9/4/2015 11:30,008XX N CENTRAL AVE,870,THEFT,POCKET-PICKING,CTA BUS,FALSE,FALSE,1511,15,29,25,6,1138875,1904869,2015,2/10/2018 15:50,41.89508047,-87.76540045,"(41.895080471, -87.765400451)"
11646166,JC213529,9/1/2018 0:01,082XX S INGLESIDE AVE,810,THEFT,OVER $500,RESIDENCE,FALSE,TRUE,631,6,8,44,6,,,2018,4/6/2019 16:04,,,
10224740,HY411595,9/5/2015 12:45,035XX W BARRY AVE,2023,NARCOTICS,POSS: HEROIN(BRN/TAN),SIDEWALK,TRUE,FALSE,1412,14,35,21,18,1152037,1920384,2015,2/10/2018 15:50,41.93740577,-87.71664969,"(41.937405765, -87.716649687)"
10224741,HY411610,9/5/2015 13:00,0000X N LARAMIE AVE,560,ASSAULT,SIMPLE,APARTMENT,FALSE,TRUE,1522,15,28,25,08A,1141706,1900086,2015,2/10/2018 15:50,41.88190344,-87.75512115,"(41.881903443, -87.755121152)"
10224742,HY411435,9/5/2015 10:55,082XX S LOOMIS BLVD,610,BURGLARY,FORCIBLE ENTRY,RESIDENCE,FALSE,FALSE,614,6,21,71,5,1168430,1850165,2015,2/10/2018 15:50,41.74437888,-87.65843064,"(41.744378879, -87.658430635)"
10224743,HY411629,9/4/2015 18:00,021XX W CHURCHILL ST,620,BURGLARY,UNLAWFUL ENTRY,RESIDENCE-GARAGE,FALSE,FALSE,1434,14,32,24,5,1161628,1912157,2015,2/10/2018 15:50,41.9146356,-87.68163091,"(41.914635603, -87.681630909)"
10224744,HY411605,9/5/2015 13:00,025XX W CERMAK RD,860,THEFT,RETAIL THEFT,GROCERY FOOD STORE,TRUE,FALSE,1034,10,25,31,6,1159734,1889313,2015,9/17/2015 11:37,41.85198889,-87.68921912,"(41.851988885, -87.689219118)"
10224745,HY411654,9/5/2015 11:30,031XX W WASHINGTON BLVD,320,ROBBERY,STRONGARM - NO WEAPON,STREET,FALSE,TRUE,1222,12,27,27,3,1155536,1900515,2015,2/10/2018 15:50,41.88281374,-87.70432572,"(41.88281374, -87.704325717)"
11645836,JC212333,5/1/2016 0:25,055XX S ROCKWELL ST,1153,DECEPTIVE PRACTICE,FINANCIAL IDENTITY THEFT OVER $ 300,,FALSE,FALSE,824,8,15,63,11,,,2016,4/6/2019 16:04,,,
10224746,HY411662,9/5/2015 14:00,071XX S PULASKI RD,820,THEFT,$500 AND UNDER,PARKING LOT/GARAGE(NON.RESID.),FALSE,FALSE,833,8,13,65,6,1150938,1857056,2015,2/10/2018 15:50,41.76364755,-87.72234469,"(41.763647552, -87.722344693)"
10224749,HY411626,9/5/2015 11:00,052XX N MILWAUKEE AVE,460,BATTERY,SIMPLE,SMALL RETAIL STORE,FALSE,FALSE,1623,16,45,11,08B,1137969,1934340,2015,2/10/2018 15:50,41.97596842,-87.76801426,"(41.975968415, -87.768014257)"
10224750,HY411632,9/5/2015 3:00,0000X W 103RD ST,2820,OTHER OFFENSE,TELEPHONE THREAT,APARTMENT,FALSE,TRUE,512,5,34,49,26,1177871,1836676,2015,2/10/2018 15:50,41.70715492,-87.62424499,"(41.707154919, -87.624244993)"
10224751,HY411566,9/5/2015 12:50,013XX E 47TH ST,486,BATTERY,DOMESTIC BATTERY SIMPLE,STREET,FALSE,TRUE,222,2,4,39,08B,1185907,1874105,2015,2/10/2018 15:50,41.80967831,-87.59363893,"(41.809678314, -87.593638934)"
10224752,HY411601,9/3/2015 13:00,020XX W SCHILLER ST,810,THEFT,OVER $500,STREET,FALSE,FALSE,1424,14,1,24,6,1162574,1909428,2015,2/10/2018 15:50,41.90712726,-87.67823202,"(41.907127255, -87.678232016)"
10224753,HY411489,9/5/2015 11:45,080XX S JUSTINE ST,497,BATTERY,AGGRAVATED DOMESTIC BATTERY: OTHER DANG WEAPON,APARTMENT,FALSE,FALSE,612,6,21,71,04B,1167400,1851512,2015,2/10/2018 15:50,41.74809734,-87.66216618,"(41.748097343, -87.662166183)"
10224754,HY411656,9/5/2015 13:30,007XX N LEAMINGTON AVE,1320,CRIMINAL DAMAGE,TO VEHICLE,STREET,FALSE,FALSE,1531,15,28,25,14,1141889,1904448,2015,2/10/2018 15:50,41.89386992,-87.7543411,"(41.893869916, -87.754341096)"
10224756,HY410094,7/8/2015 0:00,103XX S TORRENCE AVE,620,BURGLARY,UNLAWFUL ENTRY,OTHER,FALSE,FALSE,434,4,10,51,5,1195508,1836950,2015,2/10/2018 15:50,41.70749012,-87.55965033,"(41.707490122, -87.559650325)"
10224757,HY411388,9/5/2015 9:55,088XX S PAULINA ST,610,BURGLARY,FORCIBLE ENTRY,RESIDENCE,TRUE,FALSE,2221,22,21,71,5,1166554,1846067,2015,2/10/2018 15:50,41.73317354,-87.66542107,"(41.733173536, -87.665421067)"
10224758,HY411568,9/5/2015 12:35,059XX W GRACE ST,486,BATTERY,DOMESTIC BATTERY SIMPLE,STREET,FALSE,TRUE,1633,16,38,15,08B,1136014,1924656,2015,2/10/2018 15:50,41.94942977,-87.77543553,"(41.949429769, -87.775435529)"
10224759,HY411581,9/4/2015 22:30,100XX S AVENUE L,1320,CRIMINAL DAMAGE,TO VEHICLE,STREET,FALSE,FALSE,432,4,10,52,14,1201814,1839027,2015,2/10/2018 15:50,41.71303179,-87.53648781,"(41.713031786, -87.536487809)"
10224761,HY411650,9/2/2015 0:01,049XX W WINNEMAC AVE,1310,CRIMINAL DAMAGE,TO PROPERTY,RESIDENCE-GARAGE,FALSE,FALSE,1623,16,45,12,14,1142583,1933126,2015,2/10/2018 15:50,41.9725523,-87.75107693,"(41.972552295, -87.751076926)"
10224762,HY411563,9/4/2015 15:00,100XX S AVENUE L,1320,CRIMINAL DAMAGE,TO VEHICLE,STREET,FALSE,FALSE,432,4,10,52,14,1201814,1839027,2015,2/10/2018 15:50,41.71303179,-87.53648781,"(41.713031786, -87.536487809)"
10224763,HY411606,9/5/2015 13:45,020XX E 71ST ST,320,ROBBERY,STRONGARM - NO WEAPON,SIDEWALK,FALSE,FALSE,331,3,5,43,3,1190856,1858321,2015,2/10/2018 15:50,41.7662476,-87.57599706,"(41.766247597, -87.575997062)"
10224764,HY411550,9/3/2015 21:00,100XX S AVENUE L,1320,CRIMINAL DAMAGE,TO VEHICLE,STREET,FALSE,FALSE,432,4,10,52,14,1201814,1839062,2015,2/10/2018 15:50,41.71312783,-87.53648662,"(41.713127829, -87.536486623)"
10224765,HY411328,9/5/2015 8:45,077XX S SOUTH SHORE DR,560,ASSAULT,SIMPLE,APARTMENT,FALSE,TRUE,421,4,7,43,08A,1197240,1854764,2015,2/10/2018 15:50,41.75633032,-87.5527162,"(41.756330319, -87.552716204)"
10224766,HY411198,9/5/2015 6:20,075XX S PHILLIPS AVE,486,BATTERY,DOMESTIC BATTERY SIMPLE,APARTMENT,FALSE,TRUE,421,4,7,43,08B,1193840,1855495,2015,2/10/2018 15:50,41.75842022,-87.56515234,"(41.758420222, -87.565152335)"
10224767,HY410417,9/4/2015 16:15,079XX S SAGINAW AVE,031A,ROBBERY,ARMED: HANDGUN,SIDEWALK,FALSE,FALSE,422,4,7,46,3,1195224,1852934,2015,2/10/2018 15:50,41.75135862,-87.56016455,"(41.75135862, -87.560164545)"
10224768,HY410651,9/3/2015 20:30,078XX S ESCANABA AVE,810,THEFT,OVER $500,VEHICLE NON-COMMERCIAL,FALSE,FALSE,421,4,7,43,6,1196887,1853400,2015,2/10/2018 15:50,41.75259619,-87.55405513,"(41.752596188, -87.554055126)"
10224769,HY411672,9/5/2015 14:30,005XX S STATE ST,890,THEFT,FROM BUILDING,RESTAURANT,FALSE,FALSE,123,1,2,32,6,1176446,1897964,2015,2/10/2018 15:50,41.87536742,-87.62762099,"(41.875367424, -87.627620993)"
10224770,HY411586,9/5/2015 12:40,005XX W 61ST PL,430,BATTERY,AGGRAVATED: OTHER DANG WEAPON,RESIDENCE PORCH/HALLWAY,TRUE,FALSE,711,7,20,68,04B,1173653,1864134,2015,2/10/2018 15:50,41.78259748,-87.63887977,"(41.782597483, -87.638879769)"
10224772,HY411681,9/4/2015 23:00,011XX N ASHLAND AVE,810,THEFT,OVER $500,STREET,FALSE,FALSE,1213,12,1,24,6,1165522,1907528,2015,2/10/2018 15:50,41.90185123,-87.66745695,"(41.901851233, -87.667456951)"
10224773,HY411685,9/5/2015 7:00,029XX W FIFTH AVE,620,BURGLARY,UNLAWFUL ENTRY,APARTMENT,FALSE,FALSE,1124,11,2,27,5,1156926,1899592,2015,2/10/2018 15:50,41.88025287,-87.69924661,"(41.880252868, -87.69924661)"
10224775,HY411666,9/5/2015 9:00,068XX S KEATING AVE,2825,OTHER OFFENSE,HARASSMENT BY TELEPHONE,RESIDENCE,FALSE,TRUE,833,8,13,65,26,1146015,1859113,2015,9/17/2015 11:37,41.76938686,-87.74033684,"(41.769386857, -87.740336842)"
10224776,HY411687,9/5/2015 14:45,071XX S PULASKI RD,810,THEFT,OVER $500,PARKING LOT/GARAGE(NON.RESID.),FALSE,FALSE,833,8,13,65,6,1150938,1857056,2015,2/10/2018 15:50,41.76364755,-87.72234469,"(41.763647552, -87.722344693)"
10224778,HY411675,9/5/2015 14:44,047XX N KEELER AVE,560,ASSAULT,SIMPLE,SIDEWALK,TRUE,FALSE,1722,17,39,14,08A,1147525,1931300,2015,2/10/2018 15:50,41.96744801,-87.73295114,"(41.967448012, -87.732951137)"
10224779,HY411651,9/2/2015 12:00,076XX S PHILLIPS AVE,5002,OTHER OFFENSE,OTHER VEHICLE OFFENSE,VEHICLE NON-COMMERCIAL,FALSE,TRUE,421,4,7,43,26,1193859,1854719,2015,2/10/2018 15:50,41.75629035,-87.5651081,"(41.756290353, -87.565108099)"
10224780,HY411660,9/5/2015 14:30,016XX S HARDING AVE,4625,OTHER OFFENSE,PAROLE VIOLATION,SIDEWALK,TRUE,FALSE,1014,10,24,29,26,1150326,1891507,2015,2/10/2018 15:50,41.85819795,-87.72369208,"(41.858197949, -87.723692079)"
10224781,HY411499,9/5/2015 11:20,026XX W HOLLYWOOD AVE,320,ROBBERY,STRONGARM - NO WEAPON,STREET,FALSE,FALSE,2011,20,40,2,3,1157555,1937753,2015,2/10/2018 15:50,41.98495658,-87.69589518,"(41.984956576, -87.69589518)"
10224782,HY411661,9/5/2015 14:35,068XX S PERRY AVE,1811,NARCOTICS,POSS: CANNABIS 30GMS OR LESS,ALLEY,TRUE,FALSE,722,7,6,69,18,1176575,1859730,2015,2/10/2018 15:50,41.77044718,-87.62829929,"(41.770447177, -87.628299291)"
10224783,HY411679,9/5/2015 14:40,041XX W CRYSTAL ST,141C,WEAPONS VIOLATION,UNLAWFUL USE OTHER DANG WEAPON,SIDEWALK,TRUE,FALSE,2534,25,37,23,15,1148654,1908016,2015,2/10/2018 15:50,41.90353292,-87.72940299,"(41.903532921, -87.729402988)"
10224784,HY411422,9/4/2015 19:30,004XX W MARQUETTE RD,810,THEFT,OVER $500,OTHER,FALSE,FALSE,722,7,6,68,6,1174441,1860502,2015,2/10/2018 15:50,41.77261337,-87.63609871,"(41.772613371, -87.636098706)"
10224786,HY411514,9/5/2015 12:04,062XX S PRINCETON AVE,1310,CRIMINAL DAMAGE,TO PROPERTY,STREET,FALSE,FALSE,711,7,20,68,14,1175356,1863632,2015,2/10/2018 15:50,41.78118203,-87.6326511,"(41.781182029, -87.632651097)"
10224787,HY410733,9/4/2015 20:20,060XX S CARPENTER ST,486,BATTERY,DOMESTIC BATTERY SIMPLE,RESIDENCE PORCH/HALLWAY,FALSE,FALSE,712,7,16,68,08B,1170346,1864847,2015,2/10/2018 15:50,41.78462669,-87.65098343,"(41.78462669, -87.650983434)"
10224788,HY410899,3/27/2014 0:01,035XX S MICHIGAN AVE,5111,OTHER OFFENSE,GUN OFFENDER: ANNUAL REGISTRATION,POLICE FACILITY/VEH PARKING LOT,TRUE,FALSE,213,2,3,35,26,1177772,1881665,2014,2/10/2018 15:50,41.83061185,-87.62324737,"(41.830611847, -87.623247369)"
10224789,HY411717,9/5/2015 15:12,052XX W QUINCY ST,1460,WEAPONS VIOLATION,POSS FIREARM/AMMO:NO FOID CARD,STREET,TRUE,FALSE,1522,15,29,25,15,1141442,1898499,2015,2/10/2018 15:50,41.87755339,-87.75612976,"(41.877553391, -87.756129762)"
10224790,HY411713,9/1/2015 9:00,0000X W ILLINOIS ST,1122,DECEPTIVE PRACTICE,COUNTERFEIT CHECK,RESTAURANT,FALSE,FALSE,1831,18,42,8,10,1176121,1903605,2015,2/10/2018 15:50,41.89085397,-87.62864418,"(41.890853973, -87.628644182)"
10224791,HY411719,9/5/2015 15:28,064XX S GREEN ST,486,BATTERY,DOMESTIC BATTERY SIMPLE,APARTMENT,TRUE,TRUE,723,7,16,68,08B,1171743,1862151,2015,2/10/2018 15:50,41.77719802,-87.64594049,"(41.777198018, -87.645940487)"
10224792,HY411709,9/5/2015 15:20,030XX W FLOURNOY ST,2014,NARCOTICS,MANU/DELIVER: HEROIN (WHITE),SIDEWALK,TRUE,FALSE,1134,11,28,27,18,1156237,1896878,2015,2/10/2018 15:50,41.87281932,-87.70184987,"(41.87281932, -87.701849872)"
10224794,HY411721,9/5/2015 15:44,074XX S WABASH AVE,143B,WEAPONS VIOLATION,UNLAWFUL POSS OTHER FIREARM,RESIDENCE,FALSE,FALSE,323,3,6,69,15,1178006,1855786,2015,2/10/2018 15:50,41.7595921,-87.62317321,"(41.759592098, -87.623173211)"
10224795,HY409178,9/3/2015 17:55,027XX W POLK ST,141A,WEAPONS VIOLATION,UNLAWFUL USE HANDGUN,STREET,FALSE,FALSE,1135,11,2,27,15,1158219,1896257,2015,2/10/2018 15:50,41.87107499,-87.69458998,"(41.871074992, -87.694589977)"
10224797,HY411683,9/5/2015 14:00,012XX W WILSON AVE,1330,CRIMINAL TRESPASS,TO LAND,RESTAURANT,FALSE,FALSE,1913,19,46,3,26,1167243,1930683,2015,2/10/2018 15:50,41.9653529,-87.66046802,"(41.965352898, -87.66046802)"
10224800,HY411723,9/5/2015 14:30,037XX N BROADWAY,910,MOTOR VEHICLE THEFT,AUTOMOBILE,STREET,FALSE,FALSE,1925,19,46,6,7,1170388,1925225,2015,2/10/2018 15:50,41.95030761,-87.64906489,"(41.950307614, -87.649064886)"
10224801,HY411697,9/5/2015 15:05,007XX E 90TH PL,486,BATTERY,DOMESTIC BATTERY SIMPLE,APARTMENT,FALSE,FALSE,633,6,6,44,08B,1182703,1845129,2015,2/10/2018 15:50,41.73024043,-87.60628895,"(41.730240434, -87.606288953)"
11645527,JC212744,2/2/2015 10:00,069XX W ARCHER AVE,1153,DECEPTIVE PRACTICE,FINANCIAL IDENTITY THEFT OVER $ 300,OTHER,FALSE,FALSE,811,8,23,56,11,,,2015,4/6/2019 16:04,,,
10224802,HY411753,9/5/2015 15:00,051XX N AVERS AVE,2826,OTHER OFFENSE,HARASSMENT BY ELECTRONIC MEANS,RESIDENCE,FALSE,TRUE,1712,17,39,14,26,1149784,1933967,2015,2/10/2018 15:50,41.9747227,-87.72457529,"(41.974722701, -87.724575286)"
10224803,HY411745,9/4/2015 11:17,012XX N LA SALLE DR,890,THEFT,FROM BUILDING,RESTAURANT,FALSE,FALSE,1821,18,42,8,6,1174911,1908547,2015,2/10/2018 15:50,41.90444226,-87.63293969,"(41.90444226, -87.63293969)"
10224805,HY411740,9/5/2015 15:45,004XX S STATE ST,890,THEFT,FROM BUILDING,LIBRARY,FALSE,FALSE,113,1,2,32,6,1176436,1898416,2015,2/10/2018 15:50,41.87660796,-87.62764406,"(41.876607964, -87.627644063)"
10224806,HY411696,9/3/2015 13:30,010XX N HAMLIN AVE,1130,DECEPTIVE PRACTICE,FRAUD OR CONFIDENCE GAME,RESIDENCE,FALSE,FALSE,1112,11,27,23,11,1150857,1906759,2015,2/10/2018 15:50,41.90004075,-87.72134375,"(41.900040745, -87.721343753)"
10224807,HY411718,9/5/2015 15:30,025XX W HARRISON ST,820,THEFT,$500 AND UNDER,VEHICLE NON-COMMERCIAL,FALSE,FALSE,1135,11,2,28,6,1159746,1897284,2015,2/10/2018 15:50,41.87386186,-87.68895549,"(41.873861861, -87.68895549)"
10224809,HY411732,9/5/2015 15:40,122XX S EGGLESTON AVE,2027,NARCOTICS,POSS: CRACK,STREET,TRUE,FALSE,523,5,34,53,18,1175503,1823842,2015,9/17/2015 11:37,41.67198966,-87.6332985,"(41.671989656, -87.633298499)"
10224810,HY411746,9/5/2015 15:15,114XX S ST LAWRENCE AVE,486,BATTERY,DOMESTIC BATTERY SIMPLE,RESIDENCE,TRUE,TRUE,531,5,9,50,08B,1182290,1829250,2015,2/10/2018 15:50,41.68667599,-87.60829167,"(41.686675992, -87.608291666)"
10224811,HY410834,9/4/2015 8:25,001XX E 110TH ST,610,BURGLARY,FORCIBLE ENTRY,RESIDENCE,FALSE,FALSE,513,5,9,49,5,1179338,1832056,2015,2/10/2018 15:50,41.69444373,-87.6190132,"(41.694443727, -87.619013197)"
10224812,HY411619,9/5/2015 0:30,084XX S SAGINAW AVE,820,THEFT,$500 AND UNDER,RESIDENCE,FALSE,FALSE,423,4,7,46,6,1195296,1849589,2015,2/10/2018 15:50,41.7421779,-87.56001087,"(41.742177899, -87.560010869)"
10224813,HY411765,8/30/2015 16:00,014XX S MICHIGAN AVE,820,THEFT,$500 AND UNDER,RESIDENCE-GARAGE,FALSE,FALSE,131,1,2,33,6,1177452,1893551,2015,2/10/2018 15:50,41.86323513,-87.62406127,"(41.863235129, -87.624061274)"
10224814,HY411327,9/4/2015 23:00,057XX N SPAULDING AVE,1320,CRIMINAL DAMAGE,TO VEHICLE,STREET,FALSE,FALSE,1711,17,39,13,14,1153345,1937792,2015,2/10/2018 15:50,41.98514853,-87.71137817,"(41.985148529, -87.711378169)"
10224815,HY411431,9/5/2015 10:53,0000X W 114TH PL,420,BATTERY,AGGRAVATED:KNIFE/CUTTING INSTR,RESIDENCE,FALSE,FALSE,522,5,34,49,04B,1178072,1829048,2015,2/10/2018 15:50,41.68621805,-87.62373907,"(41.686218054, -87.623739069)"
10224816,HY411658,9/5/2015 11:00,034XX S DR MARTIN LUTHER KING JR DR,890,THEFT,FROM BUILDING,ATHLETIC CLUB,FALSE,FALSE,211,2,4,35,6,1179476,1882211,2015,2/10/2018 15:50,41.83207129,-87.61697868,"(41.832071291, -87.616978684)"
10224819,HY411778,9/5/2015 15:02,020XX E 79TH ST,850,THEFT,ATTEMPT THEFT,DRUG STORE,FALSE,FALSE,414,4,8,46,6,1191073,1852990,2015,2/10/2018 15:50,41.75161364,-87.57537386,"(41.751613643, -87.575373855)"
10224820,HY411701,9/5/2015 12:00,010XX N HAMLIN AVE,1130,DECEPTIVE PRACTICE,FRAUD OR CONFIDENCE GAME,APARTMENT,FALSE,FALSE,1112,11,27,23,11,1150857,1906759,2015,2/10/2018 15:50,41.90004075,-87.72134375,"(41.900040745, -87.721343753)"
10224821,HY411725,9/5/2015 15:00,115XX S INDIANA AVE,810,THEFT,OVER $500,PARKING LOT/GARAGE(NON.RESID.),FALSE,FALSE,532,5,9,53,6,1179641,1828625,2015,2/10/2018 15:50,41.68502167,-87.61800815,"(41.685021672, -87.618008151)"
10224822,HY411777,9/5/2015 16:16,057XX S SANGAMON ST,1811,NARCOTICS,POSS: CANNABIS 30GMS OR LESS,STREET,TRUE,FALSE,712,7,16,68,18,1170953,1866868,2015,2/10/2018 15:50,41.7901593,-87.64869892,"(41.790159304, -87.648698923)"
10224823,HY411707,9/5/2015 12:00,014XX N HALSTED ST,820,THEFT,$500 AND UNDER,STREET,TRUE,FALSE,1822,18,27,8,6,1170754,1909471,2015,2/10/2018 15:50,41.90706989,-87.64818226,"(41.90706989, -87.648182264)"
10224825,HY411703,9/5/2015 0:00,106XX S SAWYER AVE,820,THEFT,$500 AND UNDER,STREET,FALSE,FALSE,2211,22,19,74,6,1156566,1833923,2015,2/10/2018 15:50,41.70005512,-87.70233824,"(41.700055116, -87.702338239)"
10224826,HY411749,9/5/2015 15:55,049XX W AINSLIE ST,620,BURGLARY,UNLAWFUL ENTRY,RESIDENCE-GARAGE,FALSE,FALSE,1623,16,45,12,5,1142367,1932122,2015,2/10/2018 15:50,41.96980126,-87.75189627,"(41.969801264, -87.751896265)"
10224829,HY411722,9/4/2015 17:00,062XX W GRAND AVE,2826,OTHER OFFENSE,HARASSMENT BY ELECTRONIC MEANS,APARTMENT,FALSE,FALSE,2512,25,29,19,26,1134250,1914563,2015,2/10/2018 15:50,41.92176477,-87.78215838,"(41.921764773, -87.782158383)"
10224830,HY411557,9/4/2015 23:00,106XX S PRAIRIE AVE,2820,OTHER OFFENSE,TELEPHONE THREAT,RESIDENCE,FALSE,FALSE,512,5,9,49,26,1179798,1834481,2015,2/10/2018 15:50,41.70108778,-87.6172552,"(41.701087782, -87.617255204)"
10224831,HY411663,9/4/2015 21:45,015XX W RANDOLPH ST,460,BATTERY,SIMPLE,PARK PROPERTY,FALSE,FALSE,1224,12,27,28,08B,1166342,1901369,2015,2/10/2018 15:50,41.88493299,-87.66462131,"(41.884932988, -87.664621314)"
10224832,HY411712,9/4/2015 17:00,013XX W 50TH ST,820,THEFT,$500 AND UNDER,RESIDENCE,FALSE,TRUE,933,9,16,61,6,1168281,1871609,2015,2/10/2018 15:50,41.80322713,-87.65835991,"(41.803227125, -87.658359911)"
10224834,HY411767,9/5/2015 14:00,051XX S PAULINA ST,820,THEFT,$500 AND UNDER,STREET,FALSE,FALSE,932,9,16,61,6,1165878,1870680,2015,2/10/2018 15:50,41.80072929,-87.66719926,"(41.800729285, -87.667199258)"
10224835,HY411770,9/5/2015 15:45,008XX S CALIFORNIA AVE,2092,NARCOTICS,SOLICIT NARCOTICS ON PUBLICWAY,ALLEY,TRUE,FALSE,1135,11,28,27,18,1157831,1896140,2015,2/10/2018 15:50,41.87076185,-87.69601766,"(41.870761846, -87.696017659)"
10224836,HY411752,9/5/2015 1:00,006XX N NOBLE ST,810,THEFT,OVER $500,APARTMENT,FALSE,FALSE,1215,12,27,24,6,1166947,1904303,2015,2/10/2018 15:50,41.89297114,-87.66231542,"(41.89297114, -87.662315415)"
10224837,HY411330,8/25/2015 12:00,065XX N MAPLEWOOD AVE,810,THEFT,OVER $500,STREET,FALSE,FALSE,2412,24,50,2,6,1158133,1943359,2015,2/10/2018 15:50,42.00032784,-87.69361533,"(42.000327844, -87.693615326)"
10224840,HY411786,9/5/2015 16:15,023XX W WARREN BLVD,2024,NARCOTICS,POSS: HEROIN(WHITE),CHA PARKING LOT/GROUNDS,TRUE,FALSE,1223,12,2,28,18,1160779,1900294,2015,2/10/2018 15:50,41.88210023,-87.68507933,"(41.882100231, -87.685079332)"
11034701,JA366925,1/1/2001 11:00,016XX E 86TH PL,1153,DECEPTIVE PRACTICE,FINANCIAL IDENTITY THEFT OVER $ 300,RESIDENCE,FALSE,FALSE,412,4,8,45,11,,,2001,8/5/2017 15:50,,,
10224841,HY411731,9/5/2015 15:30,025XX W CERMAK RD,860,THEFT,RETAIL THEFT,GROCERY FOOD STORE,TRUE,FALSE,1034,10,25,31,6,1159734,1889313,2015,2/10/2018 15:50,41.85198889,-87.68921912,"(41.851988885, -87.689219118)"
10224843,HY411734,9/5/2015 15:43,101XX S PROSPECT AVE,486,BATTERY,DOMESTIC BATTERY SIMPLE,RESIDENCE,FALSE,TRUE,2213,22,19,72,08B,1167466,1837422,2015,2/10/2018 15:50,41.70943086,-87.66232682,"(41.709430861, -87.66232682)"
10224845,HY411825,9/5/2015 16:00,001XX W ELM ST,890,THEFT,FROM BUILDING,NURSING HOME/RETIREMENT HOME,FALSE,FALSE,1824,18,42,8,6,1175121,1908069,2015,2/10/2018 15:50,41.9031259,-87.63218266,"(41.903125898, -87.632182661)"
10224846,HY411839,9/5/2015 16:00,015XX S HARDING AVE,910,MOTOR VEHICLE THEFT,AUTOMOBILE,DRIVEWAY - RESIDENTIAL,FALSE,FALSE,1014,10,24,29,7,1150299,1892186,2015,2/10/2018 15:50,41.86006173,-87.72377349,"(41.860061733, -87.723773492)"
10224847,HY411834,9/4/2015 1:00,027XX N SACRAMENTO AVE,1320,CRIMINAL DAMAGE,TO VEHICLE,STREET,FALSE,FALSE,1411,14,35,22,14,1155906,1918067,2015,2/10/2018 15:50,41.9309705,-87.70249306,"(41.930970495, -87.702493061)"
12014684,JD189901,3/17/2020 21:30,039XX N LECLAIRE AVE,820,THEFT,$500 AND UNDER,STREET,FALSE,FALSE,1634,16,45,15,6,1141659,1925649,2020,3/25/2020 15:45,41.95205195,-87.75466037,"(41.952051946, -87.754660372)"
10224848,HY411832,9/4/2015 23:08,062XX W 64TH PL,2825,OTHER OFFENSE,HARASSMENT BY TELEPHONE,APARTMENT,FALSE,TRUE,812,8,13,64,26,1135842,1861096,2015,2/10/2018 15:50,41.775015,-87.7775802,"(41.775015003, -87.777580203)"
10224849,HY411821,9/5/2015 16:00,024XX N JANSSEN AVE,620,BURGLARY,UNLAWFUL ENTRY,RESIDENCE-GARAGE,FALSE,FALSE,1932,19,32,7,5,1166229,1916376,2015,2/10/2018 15:50,41.92611561,-87.66460666,"(41.926115609, -87.664606657)"
10224850,HY411807,9/4/2015 17:00,015XX S STATE ST,890,THEFT,FROM BUILDING,RESIDENCE-GARAGE,FALSE,FALSE,131,1,3,33,6,1176584,1892788,2015,2/10/2018 15:50,41.86116104,-87.62727063,"(41.861161041, -87.627270627)"
10224851,HY411708,9/5/2015 14:55,035XX N CLARK ST,860,THEFT,RETAIL THEFT,SMALL RETAIL STORE,TRUE,FALSE,1924,19,44,6,6,1168463,1923924,2015,2/10/2018 15:50,41.94677957,-87.65617875,"(41.946779572, -87.65617875)"
10224852,HY411791,9/5/2015 16:25,034XX N WESTERN AVE,1330,CRIMINAL TRESPASS,TO LAND,GROCERY FOOD STORE,TRUE,FALSE,1921,19,47,5,26,1159771,1922681,2015,2/10/2018 15:50,41.94355269,-87.68816234,"(41.943552694, -87.688162342)"
10224853,HY411790,9/5/2015 16:15,041XX W FIFTH AVE,1570,SEX OFFENSE,PUBLIC INDECENCY,SIDEWALK,TRUE,FALSE,1132,11,24,26,17,1148735,1896483,2015,9/17/2015 11:37,41.87188354,-87.72940361,"(41.871883543, -87.729403606)"
10224854,HY411699,9/5/2015 12:30,080XX S BISHOP ST,2017,NARCOTICS,MANU/DELIVER:CRACK,RESIDENCE,TRUE,FALSE,612,6,21,71,18,1168064,1851469,2015,2/10/2018 15:50,41.74796511,-87.6597343,"(41.747965107, -87.6597343)"
10224855,HY411771,9/5/2015 16:00,009XX N DAMEN AVE,1320,CRIMINAL DAMAGE,TO VEHICLE,STREET,FALSE,FALSE,1212,12,32,24,14,1162894,1906466,2015,2/10/2018 15:50,41.89899259,-87.67713975,"(41.898992594, -87.677139749)"
10224857,HY411782,9/5/2015 16:15,056XX W GRAND AVE,460,BATTERY,SIMPLE,RESIDENTIAL YARD (FRONT/BACK),TRUE,FALSE,2515,25,29,19,08B,1138435,1913561,2015,2/10/2018 15:50,41.91894033,-87.76680564,"(41.91894033, -87.766805639)"
10224858,HY411804,9/5/2015 16:42,077XX S LUELLA AVE,486,BATTERY,DOMESTIC BATTERY SIMPLE,RESIDENCE,TRUE,TRUE,414,4,7,43,08B,1192547,1853966,2015,2/10/2018 15:50,41.75425611,-87.5699407,"(41.754256108, -87.569940704)"
10224860,HY411797,9/5/2015 16:20,016XX N PARKSIDE AVE,820,THEFT,$500 AND UNDER,RESIDENCE,FALSE,FALSE,2531,25,29,25,6,1138465,1910407,2015,2/10/2018 15:50,41.91028485,-87.76677197,"(41.910284848, -87.766771965)"
10224861,HY411835,9/2/2015 7:00,077XX S SAGINAW AVE,1310,CRIMINAL DAMAGE,TO PROPERTY,RESIDENCE,FALSE,FALSE,421,4,7,43,14,1195264,1854243,2015,2/10/2018 15:50,41.75494963,-87.55997485,"(41.754949629, -87.55997485)"
10224862,HY411794,9/5/2015 16:13,008XX N LOCKWOOD AVE,1310,CRIMINAL DAMAGE,TO PROPERTY,RESIDENCE PORCH/HALLWAY,FALSE,TRUE,1524,15,37,25,14,1140870,1905089,2015,2/10/2018 15:50,41.89564771,-87.75806781,"(41.895647706, -87.758067814)"
10224863,HY411809,9/5/2015 16:01,067XX S CAMPBELL AVE,486,BATTERY,DOMESTIC BATTERY SIMPLE,APARTMENT,TRUE,TRUE,832,8,15,66,08B,1160868,1859971,2015,2/10/2018 15:50,41.77144742,-87.6858684,"(41.771447416, -87.685868399)"
10224864,HY410860,9/4/2015 21:30,001XX E 78TH ST,051A,ASSAULT,AGGRAVATED: HANDGUN,STREET,FALSE,FALSE,623,6,6,69,04A,1178659,1853330,2015,2/10/2018 15:50,41.75283774,-87.62085454,"(41.75283774, -87.620854539)"
10224865,HY411859,9/5/2015 5:00,076XX S COTTAGE GROVE AVE,1310,CRIMINAL DAMAGE,TO PROPERTY,COMMERCIAL / BUSINESS OFFICE,FALSE,FALSE,624,6,6,69,14,1182888,1854485,2015,2/10/2018 15:50,41.75591003,-87.60532129,"(41.755910033, -87.605321288)"
10224867,HY411838,9/5/2015 17:14,028XX W WILCOX ST,1811,NARCOTICS,POSS: CANNABIS 30GMS OR LESS,SIDEWALK,TRUE,FALSE,1124,11,2,27,18,1157410,1899227,2015,2/10/2018 15:50,41.87924145,-87.69747934,"(41.879241446, -87.69747934)"
10224868,HY411820,9/5/2015 16:21,003XX E 75TH ST,460,BATTERY,SIMPLE,PARKING LOT/GARAGE(NON.RESID.),FALSE,FALSE,623,6,6,69,08B,1179556,1855352,2015,2/10/2018 15:50,41.7583659,-87.61750577,"(41.758365901, -87.617505767)"
10224869,HY411830,9/5/2015 17:05,092XX S COTTAGE GROVE AVE,486,BATTERY,DOMESTIC BATTERY SIMPLE,APARTMENT,FALSE,TRUE,633,6,9,44,08B,1183184,1843686,2015,2/10/2018 15:50,41.72626951,-87.60457167,"(41.726269511, -87.604571673)"
10224870,HY411737,9/5/2015 15:40,080XX S LANGLEY AVE,820,THEFT,$500 AND UNDER,APARTMENT,FALSE,FALSE,631,6,6,44,6,1182293,1851784,2015,2/10/2018 15:50,41.748512,-87.6075853,"(41.748511998, -87.607585302)"
10224872,HY411843,9/4/2015 12:00,095XX S STATE ST,890,THEFT,FROM BUILDING,RESTAURANT,FALSE,FALSE,511,5,21,49,6,1177973,1841788,2015,2/10/2018 15:50,41.72118063,-87.62371719,"(41.721180629, -87.623717187)"
10224873,HY411486,8/17/2015 12:00,014XX W BARRY AVE,820,THEFT,$500 AND UNDER,STREET,FALSE,FALSE,1933,19,32,6,6,1166121,1920679,2015,2/10/2018 15:50,41.93792558,-87.66488023,"(41.937925583, -87.664880228)"
10224874,HY411822,9/5/2015 16:50,106XX S LEAVITT ST,486,BATTERY,DOMESTIC BATTERY SIMPLE,RESIDENCE,FALSE,TRUE,2212,22,19,72,08B,1163597,1834010,2015,2/10/2018 15:50,41.70014962,-87.67659095,"(41.700149617, -87.67659095)"
10224875,HY411866,8/30/2015 16:00,014XX S MICHIGAN AVE,820,THEFT,$500 AND UNDER,RESIDENCE-GARAGE,FALSE,FALSE,131,1,2,33,6,1177452,1893551,2015,2/10/2018 15:50,41.86323513,-87.62406127,"(41.863235129, -87.624061274)"
10224876,HY411885,9/5/2015 1:00,021XX N MILWAUKEE AVE,910,MOTOR VEHICLE THEFT,AUTOMOBILE,STREET,FALSE,FALSE,1431,14,1,22,7,1158820,1913933,2015,11/25/2015 15:57,41.91956717,-87.69189832,"(41.919567169, -87.691898319)"
10224877,HY411862,9/5/2015 16:30,013XX S CLINTON ST,890,THEFT,FROM BUILDING,DEPARTMENT STORE,FALSE,FALSE,124,1,2,28,6,1172924,1894302,2015,2/10/2018 15:50,41.86539738,-87.64066078,"(41.865397377, -87.640660777)"
10224878,HY411864,9/5/2015 17:00,008XX S WABASH AVE,1320,CRIMINAL DAMAGE,TO VEHICLE,PARKING LOT/GARAGE(NON.RESID.),FALSE,FALSE,123,1,2,32,14,1176918,1896566,2015,2/10/2018 15:50,41.87152057,-87.62593032,"(41.871520566, -87.625930316)"
10224879,HY411784,9/5/2015 13:09,033XX W WARREN BLVD,3710,INTERFERENCE WITH PUBLIC OFFICER,RESIST/OBSTRUCT/DISARM OFFICER,STREET,FALSE,FALSE,1123,11,28,27,24,1154058,1900146,2015,2/10/2018 15:50,41.88183077,-87.70976286,"(41.881830765, -87.709762859)"
10224880,HY411827,9/5/2015 16:55,005XX N CENTRAL AVE,460,BATTERY,SIMPLE,HOTEL/MOTEL,TRUE,FALSE,1523,15,37,25,08B,1138943,1902924,2015,2/10/2018 15:50,41.88974191,-87.765198,"(41.889741913, -87.765198001)"
10224881,HY411873,9/3/2015 18:00,044XX S UNIVERSITY AVE,1310,CRIMINAL DAMAGE,TO PROPERTY,RESIDENCE,FALSE,FALSE,222,2,4,39,14,1184667,1875669,2015,2/10/2018 15:50,41.81399924,-87.59813792,"(41.81399924, -87.598137918)"
10224882,HY410681,9/4/2015 13:45,001XX N WELLS ST,890,THEFT,FROM BUILDING,RESTAURANT,FALSE,FALSE,122,1,42,32,6,1174702,1901555,2015,2/10/2018 15:50,41.88526052,-87.63391676,"(41.885260516, -87.633916764)"
10224883,HY411870,8/30/2015 10:30,038XX S HONORE ST,1153,DECEPTIVE PRACTICE,FINANCIAL IDENTITY THEFT OVER $ 300,STREET,FALSE,FALSE,912,9,11,59,11,1164652,1879347,2015,2/10/2018 15:50,41.82453851,-87.67145061,"(41.824538512, -87.671450605)"
10224886,HY411892,9/5/2015 17:30,053XX N BROADWAY,890,THEFT,FROM BUILDING,GROCERY FOOD STORE,FALSE,FALSE,2023,20,48,77,6,1167347,1935654,2015,9/17/2015 11:37,41.97899124,-87.65994197,"(41.978991238, -87.659941972)"
10224888,HY411894,9/5/2015 12:00,084XX S STEWART AVE,810,THEFT,OVER $500,OTHER,FALSE,FALSE,622,6,21,71,6,1175093,1849074,2015,2/10/2018 15:50,41.74123904,-87.63404918,"(41.741239038, -87.634049179)"
10224889,HY411845,9/5/2015 16:50,046XX W NORTH AVE,860,THEFT,RETAIL THEFT,DEPARTMENT STORE,TRUE,FALSE,2533,25,37,25,6,1145011,1910225,2015,9/17/2015 11:37,41.90966425,-87.74272882,"(41.909664252, -87.742728815)"
10224890,HY411780,8/31/2015 16:00,010XX N HAMLIN AVE,1130,DECEPTIVE PRACTICE,FRAUD OR CONFIDENCE GAME,APARTMENT,FALSE,FALSE,1112,11,27,23,11,1150857,1906759,2015,9/10/2015 11:43,41.90004075,-87.72134375,"(41.900040745, -87.721343753)"
10224891,HY411914,9/5/2015 17:00,056XX W GRAND AVE,486,BATTERY,DOMESTIC BATTERY SIMPLE,APARTMENT,FALSE,TRUE,2515,25,29,19,08B,1138435,1913561,2015,2/10/2018 15:50,41.91894033,-87.76680564,"(41.91894033, -87.766805639)"
10224893,HY411773,9/5/2015 12:15,075XX N WOLCOTT AVE,910,MOTOR VEHICLE THEFT,AUTOMOBILE,PARKING LOT/GARAGE(NON.RESID.),FALSE,FALSE,2424,24,49,1,7,1162424,1950004,2015,2/10/2018 15:50,42.01847282,-87.67764243,"(42.018472824, -87.677642429)"
10224895,HY411886,9/5/2015 17:52,048XX W CONGRESS PKWY,486,BATTERY,DOMESTIC BATTERY SIMPLE,STREET,TRUE,TRUE,1533,15,24,25,08B,1144219,1897244,2015,2/10/2018 15:50,41.87405782,-87.74596476,"(41.874057815, -87.745964761)"
10224899,HY411844,9/5/2015 16:30,095XX S STATE ST,880,THEFT,PURSE-SNATCHING,SIDEWALK,FALSE,FALSE,511,5,21,49,6,1177973,1841788,2015,2/10/2018 15:50,41.72118063,-87.62371719,"(41.721180629, -87.623717187)"
10224900,HY411814,9/5/2015 15:00,002XX S MICHIGAN AVE,820,THEFT,$500 AND UNDER,OTHER,FALSE,FALSE,113,1,42,32,6,1177328,1899324,2015,2/10/2018 15:50,41.8790794,-87.62434142,"(41.879079395, -87.624341423)"
10224901,HY411665,9/4/2015 22:00,063XX N MELVINA AVE,610,BURGLARY,FORCIBLE ENTRY,RESIDENCE,TRUE,FALSE,1611,16,45,10,5,1133884,1941345,2015,2/10/2018 15:50,41.99526375,-87.78287107,"(41.995263745, -87.782871067)"
10224902,HY411929,9/4/2015 21:00,027XX W SUPERIOR ST,810,THEFT,OVER $500,STREET,FALSE,FALSE,1221,12,26,24,6,1157941,1904877,2015,2/10/2018 15:50,41.89473476,-87.69537536,"(41.894734755, -87.69537536)"
10224903,HY411941,9/1/2015 8:00,036XX W AUGUSTA BLVD,1751,OFFENSE INVOLVING CHILDREN,CRIM SEX ABUSE BY FAM MEMBER,APARTMENT,FALSE,FALSE,1112,11,27,23,20,1151766,1906421,2015,2/10/2018 15:50,41.8990954,-87.71801386,"(41.899095398, -87.718013856)"
10224904,HY411861,9/5/2015 17:10,059XX S WINCHESTER AVE,486,BATTERY,DOMESTIC BATTERY SIMPLE,APARTMENT,FALSE,TRUE,714,7,15,67,08B,1164376,1865179,2015,2/10/2018 15:50,41.78566567,-87.67286259,"(41.785665665, -87.672862591)"
10224905,HY411891,9/5/2015 14:00,083XX S ADA ST,910,MOTOR VEHICLE THEFT,AUTOMOBILE,STREET,FALSE,FALSE,613,6,21,71,7,1168782,1849423,2015,2/10/2018 15:50,41.74233514,-87.65716223,"(41.742335144, -87.657162229)"
10224906,HY411860,9/5/2015 16:48,001XX W 87TH ST,860,THEFT,RETAIL THEFT,DEPARTMENT STORE,TRUE,FALSE,634,6,21,44,6,1176702,1847271,2015,2/10/2018 15:50,41.73625535,-87.62820806,"(41.73625535, -87.62820806)"
10224907,HY411899,9/5/2015 18:12,041XX W POTOMAC AVE,1811,NARCOTICS,POSS: CANNABIS 30GMS OR LESS,ALLEY,TRUE,FALSE,2534,25,37,23,18,1148487,1908337,2015,2/10/2018 15:50,41.904417,-87.73000813,"(41.904417002, -87.730008129)"
10224908,HY411924,9/5/2015 18:45,073XX S LUELLA AVE,820,THEFT,$500 AND UNDER,STREET,FALSE,FALSE,333,3,7,43,6,1192488,1856645,2015,2/10/2018 15:50,41.76160894,-87.57006981,"(41.761608936, -87.570069811)"
10224909,HY411854,9/1/2015 22:00,046XX S DR MARTIN LUTHER KING JR SD,890,THEFT,FROM BUILDING,OTHER,FALSE,FALSE,221,2,3,38,6,1179716,1874171,2015,2/10/2018 15:50,41.8100034,-87.61634427,"(41.810003402, -87.616344268)"
10224910,HY411945,9/3/2015 16:00,050XX W GRACE ST,820,THEFT,$500 AND UNDER,SIDEWALK,FALSE,FALSE,1634,16,45,15,6,1142185,1924795,2015,2/10/2018 15:50,41.94969873,-87.75274803,"(41.94969873, -87.752748033)"
10224911,HY411925,9/5/2015 18:33,002XX S LARAMIE AVE,1811,NARCOTICS,POSS: CANNABIS 30GMS OR LESS,SIDEWALK,TRUE,FALSE,1522,15,29,25,18,1141752,1898718,2015,2/10/2018 15:50,41.87814863,-87.75498609,"(41.878148628, -87.75498609)"
10224912,HY411912,9/5/2015 18:25,076XX S CICERO AVE,2820,OTHER OFFENSE,TELEPHONE THREAT,OTHER,FALSE,TRUE,833,8,13,65,26,1145727,1853720,2015,2/10/2018 15:50,41.75459296,-87.74152854,"(41.754592961, -87.741528537)"
10224913,HY411911,9/3/2015 0:01,054XX S RIDGEWOOD CT,820,THEFT,$500 AND UNDER,RESIDENTIAL YARD (FRONT/BACK),FALSE,FALSE,234,2,4,41,6,1186232,1869471,2015,2/10/2018 15:50,41.7969546,-87.59259338,"(41.796954599, -87.592593383)"
10224914,HY411944,9/5/2015 19:10,032XX W LAWRENCE AVE,2820,OTHER OFFENSE,TELEPHONE THREAT,SMALL RETAIL STORE,FALSE,FALSE,1713,17,33,14,26,1153740,1931704,2015,2/10/2018 15:50,41.96843483,-87.7100883,"(41.968434832, -87.710088296)"
10224915,HY411726,9/4/2015 21:00,012XX N MASON AVE,910,MOTOR VEHICLE THEFT,AUTOMOBILE,STREET,FALSE,FALSE,2531,25,29,25,7,1136466,1907728,2015,2/10/2018 15:50,41.90296934,-87.77417979,"(41.902969343, -87.774179787)"
10224916,HY411936,9/5/2015 18:00,029XX S EMERALD AVE,820,THEFT,$500 AND UNDER,RESIDENCE,FALSE,FALSE,914,9,11,60,6,1171778,1885309,2015,2/10/2018 15:50,41.84074516,-87.64513235,"(41.840745159, -87.645132346)"
10224917,HY411724,9/5/2015 15:33,039XX W CHICAGO AVE,1330,CRIMINAL TRESPASS,TO LAND,STREET,FALSE,FALSE,1112,11,27,23,26,1149775,1905050,2015,2/10/2018 15:50,41.89537219,-87.72536248,"(41.895372185, -87.725362479)"
10224918,HY411702,9/5/2015 15:10,039XX N LEAVITT ST,1320,CRIMINAL DAMAGE,TO VEHICLE,STREET,FALSE,FALSE,1921,19,47,5,14,1160995,1926032,2015,2/10/2018 15:50,41.95272266,-87.68357013,"(41.952722658, -87.683570132)"
10224919,HY411716,9/5/2015 15:00,041XX W ROOSEVELT RD,460,BATTERY,SIMPLE,PARKING LOT/GARAGE(NON.RESID.),FALSE,FALSE,1132,11,24,29,08B,1148654,1894377,2015,2/10/2018 15:50,41.86610599,-87.72975536,"(41.866105993, -87.729755359)"
10224922,HY411934,9/5/2015 18:23,038XX W 66TH ST,890,THEFT,FROM BUILDING,RESIDENCE-GARAGE,FALSE,FALSE,833,8,13,65,6,1151953,1860565,2015,2/10/2018 15:50,41.77325697,-87.71853252,"(41.773256969, -87.718532522)"
10224923,HY411851,9/5/2015 16:30,014XX S AVERS AVE,460,BATTERY,SIMPLE,SIDEWALK,TRUE,FALSE,1011,10,24,29,08B,1150946,1892760,2015,2/10/2018 15:50,41.86162423,-87.72138349,"(41.861624227, -87.721383491)"
10224924,HY411902,9/5/2015 16:20,033XX W 26TH ST,850,THEFT,ATTEMPT THEFT,SMALL RETAIL STORE,FALSE,FALSE,1024,10,22,30,6,1154309,1886529,2015,2/10/2018 15:50,41.8444592,-87.70920469,"(41.844459201, -87.709204691)"
10224925,HY411895,9/3/2015 22:00,131XX S LANGLEY AVE,1753,OFFENSE INVOLVING CHILDREN,SEX ASSLT OF CHILD BY FAM MBR,RESIDENCE,FALSE,FALSE,533,5,9,54,2,1183246,1818302,2015,2/10/2018 15:50,41.65661098,-87.60513062,"(41.656610975, -87.605130623)"
10224926,HY411754,9/5/2015 1:00,017XX E 56TH ST,910,MOTOR VEHICLE THEFT,AUTOMOBILE,STREET,FALSE,FALSE,235,2,5,41,7,1188708,1868206,2015,2/10/2018 15:50,41.79342444,-87.58355421,"(41.793424442, -87.583554214)"
10224927,HY411900,9/5/2015 18:00,057XX S STONY ISLAND AVE,486,BATTERY,DOMESTIC BATTERY SIMPLE,APARTMENT,FALSE,FALSE,235,2,5,41,08B,1187859,1867179,2015,2/10/2018 15:50,41.79062656,-87.58670008,"(41.790626555, -87.586700079)"
10224928,HY411837,9/5/2015 15:00,043XX S STATE ST,486,BATTERY,DOMESTIC BATTERY SIMPLE,GAS STATION,FALSE,TRUE,215,2,3,38,08B,1176995,1876348,2015,2/10/2018 15:50,41.81603914,-87.62625873,"(41.816039143, -87.626258734)"
11645648,JC212959,1/1/2018 8:00,024XX N MONITOR AVE,1153,DECEPTIVE PRACTICE,FINANCIAL IDENTITY THEFT OVER $ 300,RESIDENCE,FALSE,FALSE,2515,25,30,19,11,,,2018,4/6/2019 16:04,,,
10025508,HY215050,4/8/2015 13:00,055XX W ADAMS ST,810,THEFT,OVER $500,RESIDENCE,FALSE,FALSE,1522,15,29,25,6,1139541,1898783,2015,2/10/2018 15:50,41.87836759,-87.7631029,"(41.878367594, -87.763102904)"
10224929,HY411736,9/5/2015 14:43,007XX E OAKWOOD BLVD,486,BATTERY,DOMESTIC BATTERY SIMPLE,APARTMENT,FALSE,FALSE,214,2,4,38,08B,1181904,1878827,2015,2/10/2018 15:50,41.82272945,-87.60817496,"(41.822729449, -87.608174963)"
10224930,HY411813,9/5/2015 16:31,030XX W JACKSON BLVD,560,ASSAULT,SIMPLE,APARTMENT,TRUE,FALSE,1124,11,28,27,08A,1156223,1898534,2015,2/10/2018 15:50,41.87736384,-87.70185654,"(41.877363835, -87.701856542)"
10224931,HY411874,9/5/2015 17:21,007XX S CICERO AVE,1811,NARCOTICS,POSS: CANNABIS 30GMS OR LESS,GAS STATION,TRUE,FALSE,1131,11,24,25,18,1144511,1896107,2015,2/10/2018 15:50,41.87093226,-87.74492128,"(41.870932257, -87.744921277)"
10224932,HY411951,8/24/2015 12:00,011XX W CHESTNUT ST,1310,CRIMINAL DAMAGE,TO PROPERTY,RESIDENCE,FALSE,FALSE,1213,12,27,24,14,1168751,1906292,2015,2/10/2018 15:50,41.89839018,-87.65563235,"(41.898390182, -87.655632346)"
10224933,HY411758,9/3/2015 20:00,089XX S BRANDON AVE,880,THEFT,PURSE-SNATCHING,STREET,FALSE,FALSE,424,4,10,46,6,1198878,1846244,2015,2/10/2018 15:50,41.73290989,-87.54699874,"(41.732909886, -87.546998736)"
10224934,HY411962,9/5/2015 17:45,011XX N ASHLAND AVE,460,BATTERY,SIMPLE,SMALL RETAIL STORE,FALSE,FALSE,1213,12,1,24,08B,1165515,1907832,2015,2/10/2018 15:50,41.90268558,-87.667474,"(41.902685579, -87.667473996)"
10224936,HY411918,9/4/2015 17:00,015XX S CALIFORNIA BLVD,820,THEFT,$500 AND UNDER,STREET,FALSE,FALSE,1023,10,28,29,6,1157932,1892551,2015,2/10/2018 15:50,41.8609112,-87.69574471,"(41.860911204, -87.695744714)"
10224937,HY411880,7/7/2015 22:06,022XX W 19TH ST,2826,OTHER OFFENSE,HARASSMENT BY ELECTRONIC MEANS,RESIDENCE,FALSE,TRUE,1234,12,25,31,26,1161681,1890701,2015,2/10/2018 15:50,41.8557574,-87.68203446,"(41.855757398, -87.682034455)"
10224938,HY411869,9/5/2015 17:00,021XX S CHRISTIANA AVE,486,BATTERY,DOMESTIC BATTERY SIMPLE,RESIDENCE,FALSE,TRUE,1024,10,24,30,08B,1154359,1889556,2015,2/10/2018 15:50,41.85276465,-87.70894043,"(41.852764648, -87.708940428)"
10224939,HY411812,9/5/2015 14:50,019XX S TRUMBULL AVE,313,ROBBERY,ARMED: OTHER DANGEROUS WEAPON,STREET,FALSE,FALSE,1024,10,24,29,3,1153729,1890276,2015,2/10/2018 15:50,41.85475296,-87.71123359,"(41.854752959, -87.711233594)"
10224940,HY411926,9/5/2015 18:12,015XX N TALMAN AVE,1822,NARCOTICS,MANU/DEL:CANNABIS OVER 10 GMS,SIDEWALK,TRUE,FALSE,1423,14,26,24,18,1158466,1910235,2015,2/10/2018 15:50,41.90942683,-87.69330036,"(41.909426828, -87.693300362)"
10224941,HY411964,9/5/2015 19:00,078XX S SOUTH SHORE DR,560,ASSAULT,SIMPLE,RESIDENCE PORCH/HALLWAY,FALSE,FALSE,421,4,7,43,08A,1197884,1853980,2015,2/10/2018 15:50,41.75416291,-87.55038228,"(41.75416291, -87.550382277)"
10224942,HY411901,9/5/2015 17:30,027XX E 79TH ST,820,THEFT,$500 AND UNDER,STREET,TRUE,FALSE,422,4,7,46,6,1196031,1853121,2015,2/10/2018 15:50,41.75185182,-87.55720116,"(41.751851824, -87.557201164)"
10224943,HY411979,9/5/2015 19:30,028XX W MARQUETTE RD,1320,CRIMINAL DAMAGE,TO VEHICLE,STREET,FALSE,FALSE,831,8,15,66,14,1158782,1860091,2015,2/10/2018 15:50,41.77181955,-87.69351174,"(41.771819552, -87.693511744)"
10224944,HY411919,9/5/2015 13:21,046XX S TALMAN AVE,2890,PUBLIC PEACE VIOLATION,OTHER VIOLATION,APARTMENT,TRUE,FALSE,922,9,12,58,26,1159479,1873868,2015,2/10/2018 15:50,41.80961125,-87.69057918,"(41.809611253, -87.690579179)"
10224945,HY411865,9/5/2015 17:40,053XX S LAFLIN ST,2851,PUBLIC PEACE VIOLATION,ARSON THREAT,RESIDENCE PORCH/HALLWAY,TRUE,TRUE,934,9,16,61,26,1167243,1869302,2015,2/10/2018 15:50,41.79691876,-87.6622328,"(41.796918756, -87.662232804)"
10224946,HY411846,8/18/2015 12:00,088XX S EXCHANGE AVE,810,THEFT,OVER $500,VEHICLE NON-COMMERCIAL,FALSE,FALSE,423,4,10,46,6,1197297,1847022,2015,2/10/2018 15:50,41.73508427,-87.55276469,"(41.735084271, -87.552764692)"
10224948,HY411788,9/5/2015 12:20,051XX S HONORE ST,620,BURGLARY,UNLAWFUL ENTRY,APARTMENT,FALSE,FALSE,932,9,16,61,5,1164884,1870635,2015,2/10/2018 15:50,41.80062688,-87.67084586,"(41.800626881, -87.670845863)"
10224950,HY411956,9/5/2015 18:40,014XX W MORSE AVE,560,ASSAULT,SIMPLE,BAR OR TAVERN,TRUE,FALSE,2431,24,49,1,08A,1165455,1946173,2015,2/10/2018 15:50,42.00789624,-87.6665987,"(42.007896244, -87.666598695)"
10224951,HY411955,9/5/2015 19:08,088XX S EUCLID AVE,1811,NARCOTICS,POSS: CANNABIS 30GMS OR LESS,SIDEWALK,TRUE,FALSE,412,4,8,48,18,1190717,1846811,2015,2/10/2018 15:50,41.7346665,-87.57687745,"(41.734666499, -87.576877451)"
10224952,HY411667,9/5/2015 14:02,001XX W 111TH ST,340,ROBBERY,ATTEMPT: STRONGARM-NO WEAPON,DRUG STORE,TRUE,FALSE,513,5,34,49,3,1177328,1831348,2015,2/10/2018 15:50,41.69254638,-87.6263936,"(41.692546378, -87.626393601)"
10224953,HY411967,9/4/2015 17:00,015XX N CALIFORNIA AVE,820,THEFT,$500 AND UNDER,STREET,FALSE,FALSE,1423,14,26,24,6,1157454,1910018,2015,2/10/2018 15:50,41.90885202,-87.69702393,"(41.908852023, -87.697023929)"
10224954,HY411963,9/5/2015 18:00,051XX W IOWA ST,502T,OTHER OFFENSE,TAMPER WITH MOTOR VEHICLE,STREET,FALSE,TRUE,1531,15,37,25,26,1141982,1905504,2015,2/10/2018 15:50,41.89676598,-87.75397334,"(41.896765982, -87.753973344)"
11864018,JC476123,9/24/2019 8:00,022XX S MICHIGAN AVE,1154,DECEPTIVE PRACTICE,FINANCIAL IDENTITY THEFT $300 AND UNDER,COMMERCIAL / BUSINESS OFFICE,FALSE,FALSE,132,1,3,33,11,1177560,1889548,2019,10/20/2019 15:56,41.85224819,-87.62378626,"(41.852248185, -87.623786256)"
10224956,HY411943,9/3/2015 12:00,033XX W CERMAK RD,1120,DECEPTIVE PRACTICE,FORGERY,CHURCH/SYNAGOGUE/PLACE OF WORSHIP,FALSE,FALSE,1024,10,22,30,10,1154490,1889179,2015,2/10/2018 15:50,41.8517275,-87.70846968,"(41.851727501, -87.708469683)"
10224957,HY411970,9/5/2015 19:09,057XX S ELIZABETH ST,051A,ASSAULT,AGGRAVATED: HANDGUN,SIDEWALK,TRUE,FALSE,713,7,16,67,04A,1168971,1866665,2015,2/10/2018 15:50,41.78964533,-87.65597223,"(41.78964533, -87.655972231)"
10224959,HY411974,9/5/2015 19:35,014XX S MUSEUM CAMPUS DR,1330,CRIMINAL TRESPASS,TO LAND,SPORTS ARENA/STADIUM,TRUE,FALSE,132,1,2,33,26,1179970,1893558,2015,2/10/2018 15:50,41.86319688,-87.61481782,"(41.863196881, -87.614817819)"
10224961,HY411987,9/5/2015 19:40,090XX S MAY ST,1811,NARCOTICS,POSS: CANNABIS 30GMS OR LESS,SIDEWALK,TRUE,FALSE,2222,22,21,73,18,1170240,1844895,2015,2/10/2018 15:50,41.72987811,-87.65195147,"(41.729878114, -87.651951467)"
10224963,HY411997,8/25/2015 18:00,070XX S EAST END AVE,2820,OTHER OFFENSE,TELEPHONE THREAT,APARTMENT,FALSE,TRUE,332,3,5,43,26,1188992,1858728,2015,2/10/2018 15:50,41.76740927,-87.58281617,"(41.767409273, -87.582816167)"
10224964,HY411958,9/5/2015 18:26,024XX W ARTHINGTON ST,820,THEFT,$500 AND UNDER,STREET,FALSE,FALSE,1135,11,2,28,6,1160290,1895969,2015,2/10/2018 15:50,41.87024215,-87.68699453,"(41.870242152, -87.686994534)"
10224965,HY412009,9/5/2015 8:41,009XX E 101ST ST,2826,OTHER OFFENSE,HARASSMENT BY ELECTRONIC MEANS,RESIDENCE,FALSE,FALSE,511,5,8,50,26,1184629,1838018,2015,2/10/2018 15:50,41.71068216,-87.59945555,"(41.71068216, -87.599455553)"
10224966,HY411947,9/5/2015 19:00,084XX S ESSEX AVE,1320,CRIMINAL DAMAGE,TO VEHICLE,STREET,TRUE,FALSE,423,4,7,46,14,1194303,1849488,2015,9/17/2015 11:37,41.74192518,-87.56365245,"(41.741925176, -87.563652449)"
10224968,HY411992,9/2/2015 2:00,053XX S EMERALD AVE,486,BATTERY,DOMESTIC BATTERY SIMPLE,APARTMENT,FALSE,TRUE,935,9,3,61,08B,1172209,1869483,2015,2/10/2018 15:50,41.79730761,-87.64401665,"(41.797307609, -87.644016645)"
10224969,HY411983,9/5/2015 19:45,014XX S STATE ST,810,THEFT,OVER $500,SIDEWALK,FALSE,FALSE,131,1,2,33,6,1176560,1893692,2015,2/10/2018 15:50,41.86364222,-87.62733144,"(41.863642218, -87.627331436)"
10224970,HY411916,9/5/2015 17:45,015XX W RANDOLPH ST,810,THEFT,OVER $500,PARK PROPERTY,TRUE,FALSE,1224,12,27,28,6,1166342,1901369,2015,2/10/2018 15:50,41.88493299,-87.66462131,"(41.884932988, -87.664621314)"
10224971,HY412002,9/5/2015 20:02,001XX N ASHLAND AVE,141C,WEAPONS VIOLATION,UNLAWFUL USE OTHER DANG WEAPON,SIDEWALK,TRUE,FALSE,1224,12,27,28,15,1165723,1901255,2015,2/10/2018 15:50,41.88463338,-87.66689762,"(41.884633377, -87.666897623)"
10224972,HY411909,9/5/2015 7:00,043XX N SHERIDAN RD,460,BATTERY,SIMPLE,SIDEWALK,FALSE,FALSE,1915,19,46,3,08B,1168812,1929247,2015,2/10/2018 15:50,41.96137851,-87.65474101,"(41.96137851, -87.65474101)"
10224973,HY411994,9/5/2015 20:00,076XX N GREENVIEW AVE,486,BATTERY,DOMESTIC BATTERY SIMPLE,APARTMENT,FALSE,TRUE,2422,24,49,1,08B,1164973,1950510,2015,2/10/2018 15:50,42.01980733,-87.6682481,"(42.01980733, -87.668248096)"
10224974,HY412010,9/5/2015 20:20,033XX W ARTHINGTON ST,2024,NARCOTICS,POSS: HEROIN(WHITE),SIDEWALK,TRUE,FALSE,1134,11,24,27,18,1154345,1895847,2015,9/17/2015 11:37,41.87002813,-87.70882386,"(41.870028132, -87.708823855)"
